,x,y,class
0,-0.5644881676217327,0.15472841291367728,0
1,0.3941807323539019,0.1652675654743402,0
2,-0.6470473826238198,-0.3110470053631845,0
3,-0.34804832656963064,-0.004683927822241054,1
4,0.2504323821481879,0.1836230708818286,0
5,-1.1912387357337952,0.45839703622441935,0
6,0.24816166135603032,0.350924546138754,0
7,0.8192987187142315,-0.4633046431001068,0
8,-0.4791721533787529,-0.5749003343813895,0
9,1.1790352721117443,-1.0620999179760635,0
10,-0.47647655485340057,0.35768042439987807,0
11,-1.2699013658743805,0.1079213192992267,0
12,0.2875753475175038,0.3172305544861117,0
13,-0.8029359595546041,-1.2092088655365727,0
14,1.0482548900059891,0.27077741759294993,0
15,0.26595387363319356,-0.833804270802215,0
16,-0.27972997241785336,0.007751521132588221,1
17,-0.323515943862544,-0.013204172607160836,1
18,-0.27213124058082794,-0.010024299665185903,1
19,-0.302695659978454,1.203684526065083,0
20,-0.428059507869773,1.1315867716862014,0
21,-0.3392965007511723,-0.03392722667966068,1
22,-1.2049845990255494,0.40170169609525874,0
23,-0.39186781395860765,-0.05174380917556899,1
24,0.3485881245161359,0.004855750845155396,0
25,0.059851350753727245,1.2413401690169994,0
26,1.17326410540206,-1.0694486255479834,0
27,-0.6466284050397904,-0.42112929850341124,0
28,-0.34794457081864144,-0.05285248088148584,1
29,-1.1022456964797687,-0.9012336865891205,0
30,-1.1217230694529172,-0.8095696395053255,0
31,-0.2993533809490989,-0.05606653370694107,1
32,0.9067389061544548,-0.3133260888361397,0
33,-0.41978095268326276,-0.07732424419792935,1
34,-0.4034516803131399,-0.08359211317534816,1
35,-0.3288782568066232,-0.08882893855439078,1
36,0.5799129684947639,-0.7109160526020466,0
37,-0.291245700450257,-0.09852008189505805,1
38,-0.4228746615988753,-0.10711687620682535,1
39,-0.26058086157979593,-0.12215716317797977,1
40,-0.3167442089872747,-0.13003225471573548,1
41,-0.27419781770214513,-0.144755863243826,1
42,-0.32278533245575763,-0.15012365830110186,1
43,0.8596120606668892,-1.3163352284885217,0
44,0.1319224570040364,-1.5414131821874115,0
45,0.8857706170586183,0.5633593169939083,0
46,-0.6775776900830849,-0.3157734042529534,0
47,-0.12143403565570281,0.5815072274183773,0
48,-0.4373449911945247,-0.14251193797383246,1
49,-0.3772977547022787,-0.16040494143428935,1
50,-0.34789245128915075,-0.17503381270373292,1
51,-0.37481937701190143,-0.17766945074559212,1
52,-0.3674375301591668,0.4640201873454104,0
53,0.3349292472729667,-1.4045513888724177,0
54,0.3421488227869592,0.09893550914160638,0
55,-0.22694315051297012,-0.2253849694606736,1
56,0.0036245615446737745,0.5103190842195366,0
57,-1.2966331655570242,-0.17063738511743423,0
58,-0.7407312069705423,0.985608459260759,0
59,-0.3460130492482779,-0.20218037889140666,1
60,0.2856062718908485,-1.4864861833676568,0
61,-0.1661655753577464,-1.4879611598888918,0
62,1.0294506079062296,-1.1484925494949794,0
63,-0.30089465080995564,-0.22531876971745285,1
64,-0.3705998819449826,-0.20993947733372958,1
65,-0.41499501925901716,-0.19976976053583712,1
66,-0.335409655440158,-0.23823448161133093,1
67,-0.4035109286071376,-0.6600749072274957,0
68,-0.3335998899961841,-0.24630217514969852,1
69,-0.6186149899637579,-0.36624712021538103,0
70,0.043284295842277616,0.48819395023325063,0
71,-0.3186943014405649,-0.26032565564933596,1
72,-0.05991240262814374,-1.4625512008227253,0
73,-1.3344504622393407,0.06566190624315406,0
74,-0.42675041338163844,0.40283018576634805,0
75,-0.20043652470282347,0.4540521030462412,0
76,-0.2630526954415651,0.47660899175472515,0
77,-0.3354799282656414,-0.2584822503459106,1
78,-0.9990043074557783,0.7726001254359522,0
79,-0.27574407030349574,-0.2970012073046178,1
80,-0.2868523102242751,-0.2976539229329771,1
81,-0.34058099034967987,-0.270390340757662,1
82,-0.30651313041370837,-0.2962585100270472,1
83,-1.3097186373149408,-0.49540772203186934,0
84,-0.3212019295331171,-0.2899264184319734,1
85,-0.9708328035824351,0.8023002223837696,0
86,-0.29685069222519694,-0.31038343541690594,1
87,0.2167780891127956,0.36280227682598204,0
88,-0.18307381227129732,-0.4017006069359138,1
89,0.20948979015873015,-1.4887652704980439,0
90,-0.25118725067147063,-0.35213206745019704,1
91,-0.23798142622851837,-0.36619807678119315,1
92,0.602051827128262,-1.375640907903708,0
93,-0.26133706156558817,-0.34692652845769334,1
94,-0.22787533834171445,-0.3791333429575205,1
95,-0.201927754875155,-0.4059061370095124,1
96,-1.2931896401050054,-0.30882403084412685,0
97,-0.2776916653087256,-0.32486908829657357,1
98,0.728720452255228,0.8107160958880202,0
99,-0.2165947672871679,-0.38878005692945805,1
100,0.47278112120717974,-0.7954026474205126,0
101,-0.19967169682088565,-0.4056957087686989,1
102,-0.18509879357684111,-0.4201919388358445,1
103,-1.1333543480680328,0.5752739501651455,0
104,-0.5773856788198785,-0.12212362141449871,0
105,-0.130757598319664,-0.48800248431853616,1
106,-0.1501484477697153,-0.4582033942611762,1
107,-0.1621384201536212,-0.43444808980515937,1
108,-0.15026548765153153,-0.444127284721531,1
109,0.508434377094146,-0.6922211508736928,0
110,0.21421606197982315,1.1286025270979787,0
111,-0.16359052320036743,-0.41132370426251197,1
112,-0.13960014548869423,-0.4394748313025214,1
113,-0.13214814742519318,-0.4385235786717799,1
114,-0.4204976489458208,-0.6485217958635118,0
115,-0.12063381115821338,-0.4442397456868636,1
116,-0.0873876050058629,-0.4964094095591787,1
117,-0.09031477569821882,-0.4706332332183937,1
118,0.37324762054970423,0.019214905888494914,0
119,-0.10837219849612965,-0.40139428500415075,1
120,-0.08418209781808747,-0.43379380275159246,1
121,-0.060138155126747195,-0.4699606472751868,1
122,-0.03535207663360757,-0.5137525629812943,1
123,-0.1519022553035198,0.5015638628070082,0
124,-0.3270313755280067,0.5107539079229694,0
125,-0.027674428612655934,-0.5040781047559554,1
126,-0.05690587233440941,-0.34501968192756105,1
127,-9.663595451217012e-06,-0.5263180884596637,1
128,0.5777896344039167,0.9416545752477148,0
129,-0.5424699443162188,1.148260993507936,0
130,-0.008375820316119137,-0.42737882057625587,1
131,0.018414650783197595,-0.500251860819432,1
132,0.03928171602809167,-0.5573136839047084,1
133,0.05169607729849655,-0.566287525924256,1
134,-0.19987319569378365,-0.7623913390123913,0
135,-0.1582824318100377,0.644253442697871,0
136,0.06077103404566565,-0.5413918619155466,1
137,-0.6147606322167379,-0.38200374243088725,0
138,-1.3387804016114213,0.1285840417829265,0
139,-0.7905474149004129,-1.2064461549060326,0
140,-0.03460924085109799,0.5249993847881478,0
141,0.06701057170880015,-0.44983221118503897,1
142,-0.5775989412644815,-1.3019484800827283,0
143,0.08256561969678303,-0.4700839781477096,1
144,-0.4499288695548407,-1.4029847791891061,0
145,0.09725604766958712,-0.49653758665958836,1
146,0.10988302897566327,-0.5801659789918838,1
147,0.12440870829504691,-0.5061787083746979,1
148,0.13471530834385603,-0.5555374163021015,1
149,-0.6173376466592577,0.007850957372058215,0
150,-0.19481667538544153,-1.5174722474012245,0
151,-1.2002569534944392,-0.7229465116574189,0
152,0.16352911655745903,-0.7822641950670474,0
153,0.15356776111499848,-0.4834493486594235,1
154,0.1737846329161174,-0.4313763667963474,1
155,1.0213835740181945,0.2019521687934938,0
156,0.17739883787317307,-0.5122936854791149,1
157,0.19124562279610904,-0.5076135050568122,1
158,0.6118682895570412,0.927151325483769,0
159,0.10578820212863435,0.4743035548290998,0
160,0.20401765898466062,-0.5086792858852107,1
161,-0.42365783762613657,-1.3954945414209006,0
162,0.2153820563666549,-0.5147168074077173,1
163,0.22565213793890312,-0.5226933553312215,1
164,-0.2784834908752098,0.5003215436578702,0
165,0.25657532044346265,-0.45452294185975034,1
166,1.292257567020738,-0.9309701557795216,0
167,-0.3438479758681035,-0.6980277722639551,0
168,0.272176631399481,-0.44713346635488327,1
169,-1.3573697328398493,-0.0019127558977963264,0
170,0.26364504456584525,-0.5111999932056188,1
171,0.271909647162892,-0.5182068334127267,1
172,1.5712175567787725,-0.448313082481238,0
173,0.30917814500887897,-0.44988490469555437,1
174,0.34059102946546355,-0.4036366477444487,1
175,0.31261609662117806,-0.49180474092787546,1
176,0.36175996506641284,-0.4101542102799741,1
177,0.3686824326841101,-0.4179659624831479,1
178,0.3649809955394758,-0.4426145619568603,1
179,0.3915272314209794,-0.4119049469719509,1
180,-0.5126980869250773,-1.3827929854461973,0
181,0.39226016560082827,-0.42443380434508854,1
182,1.02593005940062,0.027094572029783374,0
183,0.40992157816152336,-0.40867977490925916,1
184,0.3628829070779914,-0.48537056322585137,1
185,0.45426753210433946,-0.3657085874627877,1
186,0.4440689072258999,-0.3868002138276137,1
187,0.33618213159543936,0.2379116959207776,0
188,0.4651888743275837,-0.3662998345169434,1
189,0.46170223733629995,-0.3746742545012773,1
190,0.43867033936491234,-0.40201155208516937,1
191,-0.2548567886396142,-0.7448604294341349,0
192,0.41607301150193715,-0.42454326769284395,1
193,0.4771672841906086,-0.3607206883761595,1
194,0.5224604181345831,-0.31628711379761226,1
195,0.5236870419957738,-0.313732495961772,1
196,1.6553453999626966,-0.28040759445923985,0
197,0.45842629319600126,-0.3657629317736822,1
198,0.5378951691838113,-0.29513447998734876,1
199,0.5405344326704408,-0.2880666316502695,1
200,0.5690864757218963,-0.2613519819493052,1
201,0.032756285238561764,0.4860446792878115,0
202,0.7870634339622488,-0.4966125152614402,0
203,0.588933334826878,-0.24154342457752329,1
204,0.9634239016071444,0.40685388403134876,0
205,0.6102941238020985,-0.22106977060359714,1
206,0.6007727023171371,-0.21971765566586332,1
207,-0.2772695641042408,-1.5662600680221666,0
208,0.6085485465283664,-0.20674600777601082,1
209,0.5498774232882848,-0.22899799328777543,1
210,1.5972503612607065,-0.21548509661738952,0
211,0.6127738530557155,-0.18511542833475975,1
212,-1.2106199768353323,-0.5874105853132392,0
213,0.9292347497585532,0.5048128603245372,0
214,-0.10109697993728901,-1.4359172406471592,0
215,0.36743047258949735,0.23682575034617753,0
216,1.4330603640351032,-0.7831218928897267,0
217,-0.23921471628128854,0.5162522341829315,0
218,0.6055739156781124,-0.17753289599688932,1
219,0.5797559284517079,-0.17687526665989625,1
220,0.6004033898854279,-0.1547690675994016,1
221,1.0395271101044847,0.22451132000597335,0
222,0.4281100120370848,-0.7952638412141702,0
223,0.6602416805463068,-0.1182463584855795,1
224,0.5955168128594462,-0.12835738164067384,1
225,0.5716196389777155,-0.12089557453645594,1
226,-0.5183804576853824,-0.549376365340747,0
227,0.6699007791364929,-0.07548199734754425,1
228,0.1990222809446471,0.4070376261335545,0
229,0.6913482696723684,-0.055516137000752655,1
230,0.6651057625986936,-0.047624538093090515,1
231,0.6843325666833162,-0.028164331591020424,1
232,0.6249452730193825,-0.02389905082910089,1
233,0.9602336660512486,0.3609674831218898,0
234,-1.392842484548663,-0.10123420310275491,0
235,0.6056025230270918,-0.00971866030591193,1
236,0.19626108644354626,0.3714268135577542,0
237,0.6867794441040435,0.019166268892248275,1
238,0.5922843969266135,0.02534624129051948,1
239,0.568984972714592,0.042439728437846096,1
240,1.4218112608881808,-0.7720970787891406,0
241,0.6324009756699202,-0.6698644370117357,0
242,0.6556523109929457,0.06697561527691641,1
243,0.7352041547031503,0.08699093123222203,1
244,0.6557316364199022,0.1024888663004016,1
245,0.6991621821176747,0.11940406009572908,1
246,0.6170386885062145,0.14014616897187362,1
247,0.2592385816686417,1.065146438750367,0
248,1.029589023285382,-1.175162499057865,0
249,1.0586574651855079,-1.1844896901321655,0
250,0.703718461471094,-1.363310764812323,0
251,0.7240713822536773,0.1511277801006566,1
252,0.7283252172869101,0.16675884507823147,1
253,0.28293488599671374,0.32597923615092655,0
254,-0.5316182021968974,0.30477380530690573,0
255,0.6835910222361291,0.18821036180743514,1
256,0.5730268048584375,-0.6871410106999206,0
257,0.6647557045415003,0.20789433492611298,1
258,0.7449163459696821,0.2106914993810077,1
259,0.6079791386537853,0.25347486293466964,1
260,0.674785975897401,0.25602492532520565,1
261,0.35236760099957376,-0.806651868807035,0
262,1.0041053811230238,-0.07197841504953004,0
263,1.644083876391992,-0.12632576533822418,0
264,1.5581958679390282,-0.3432687385067827,0
265,0.5939834279946905,0.29284850788982136,1
266,0.2994918958114239,0.3008855688811005,0
267,0.7177812835042623,0.2750192787213859,1
268,0.8842060846289254,-0.40886656039012914,0
269,0.9726355157179533,-0.05325518066945415,0
270,0.6519054100470768,0.30951758265826,1
271,0.2492631390949903,-0.8103094031650426,0
272,0.5185131393858329,0.37037666444736234,1
273,0.6441223185785078,0.3419560586124715,1
274,0.6265201255988799,0.3630712950088307,1
275,0.5856902607678792,0.39455812989777694,1
276,0.6469957399381734,0.3805295613789528,1
277,-0.6620173839676027,-0.0327892699850588,0
278,-0.42215102243533414,0.39630601423439077,0
279,1.4605476389289525,-0.679912166298573,0
280,0.16469888376307712,0.4475401752652722,0
281,-0.7035062604699899,-0.24936208728454354,0
282,-0.6817472836808985,-0.20531102851026953,0
283,0.5686150270273049,0.43084813541358086,1
284,0.6123623384101744,0.42099503366459445,1
285,0.5427823210372121,0.4707180609623687,1
286,-0.8000233907032142,0.9187342268751011,0
287,0.6490093608834818,0.41971526139687604,1
288,-0.11259275030226272,-0.8719062182558903,0
289,0.5772929820517811,0.47209133281953286,1
290,0.5516408276902114,0.49773518135595357,1
291,0.5437840173528241,0.5114889013888255,1
292,-0.5904014287536492,0.11482863418876413,0
293,0.5649817428314166,0.5029156979350173,1
294,0.5413772001137053,0.5262149125905581,1
295,0.5887583935550517,0.49132642538739973,1
296,0.5285772661943868,0.5440057328880874,1
297,0.4576647240507911,0.6100861748812544,1
298,0.4594747606980312,0.6109873773675697,1
299,0.8822302239184292,0.4565399167425155,0
300,0.48004372702876624,0.5907135072378914,1
301,0.5079781933395153,0.5582371591368626,1
302,0.3868324437807944,0.12490222419134063,0
303,0.44798696024701873,0.6189722400061475,1
304,-1.3129762296335286,-0.23840892771178895,0
305,0.40472197097066853,0.6643620587430923,1
306,0.42407839897485006,0.6344445509648515,1
307,0.3559846140913892,0.713952811545548,1
308,-0.61791713315508,1.0737117119461788,0
309,0.3521735837486567,0.7109871540235706,1
310,-0.9362023968311681,-1.0646747162531893,0
311,0.38254428170983146,0.655390616131677,1
312,0.30681188001146176,0.7553173454767491,1
313,0.6653386226433072,0.8713583343203279,0
314,0.32775364497380893,0.7065062802306711,1
315,0.300576615878044,0.7330228779131538,1
316,0.26724363055043915,0.7719390460055057,1
317,-0.6493089787309931,0.10943625153831966,0
318,0.28539252019343914,0.7126115228225599,1
319,0.2538020722037796,0.7470662370959618,1
320,0.21463857010274962,0.8009914356931539,1
321,0.902010956555052,-0.3484075398867888,0
322,0.24544740816926042,0.6925583625382163,1
323,0.202409382613626,0.755839449999504,1
324,0.3269134126633033,0.1986061764235744,0
325,0.14141348783348703,0.8773076961996051,1
326,0.1745570916705894,0.731675087803143,1
327,0.14577522757908812,0.7617819199798543,1
328,0.12653768531282886,0.7606730389551034,1
329,0.05920113951739475,0.9520199426279711,1
330,-0.05344849439337411,0.5811437220032586,0
331,-1.2824215970210222,0.4366308532047151,0
332,-0.5927716705382208,-0.40561646252633904,0
333,0.05830972618822697,0.8849728180179902,1
334,0.05199484389311932,0.824578975792051,1
335,0.03878558082222428,0.7835203872958345,1
336,0.01223894321264565,0.8192205180724383,1
337,-0.24622868828786876,0.441470715764218,0
338,1.660927746041738,-0.042043253118425584,0
339,0.6718914438362275,-0.6097144921661857,0
340,-1.1883671208335396,-0.6533627848089627,0
341,-1.0687264698964292,0.6336658705242851,0
342,0.7274247223054169,-0.5774149432030152,0
343,0.2921776692970148,0.2378777817173584,0
344,0.8059776621262932,-0.49650525949487734,0
345,-0.008834785403058884,0.8201419262137593,1
346,1.6570132381265625,-0.1646427069217228,0
347,-0.03397240732638016,0.8639825282304916,1
348,-0.04782241299994615,0.7600959080416363,1
349,0.8987444441313419,0.10099755252547638,0
350,-1.2995137797826295,-0.20520443982641384,0
351,0.3040362583403182,0.24268299540816166,0
352,-0.07071653122364226,0.7506123575967312,1
353,-0.315596493013569,0.462063045853203,0
354,-1.1688306487714848,0.5356072012356589,0
355,-0.6134639178425783,0.16199896453364243,0
356,-0.5653569881652182,0.24117447779498974,0
357,-0.09563918079429289,0.8601521918256549,1
358,-0.1165597780783145,0.8607304304723944,1
359,-0.28323104929571613,-0.7631264163318965,0
360,0.6794577497856513,-0.6265484807529946,0
361,-0.1405711844883254,0.7828143392049994,1
362,-0.1627171130657411,0.7947793776784409,1
363,-0.17605420841291322,0.8964400058241461,1
364,-0.20022903307036352,0.8587605605218731,1
365,0.29837878259600015,0.2966168823907514,0
366,-0.05634767796516244,0.4930477538925174,0
367,-0.22749438358323487,0.8116742091535969,1
368,-0.24471357998328316,0.8373259674806897,1
369,-0.27145079321820953,0.8055781780919673,1
370,-0.26935281705552255,0.9100281444420274,1
371,-0.3043810082597466,0.8405549775702297,1
372,-0.33795189890211214,0.7881847377537263,1
373,-0.3480818697811532,0.8207895983164482,1
374,-0.5558693213727799,0.28506530974246486,0
375,0.9192515293262247,-1.2530128853278835,0
376,-0.487786099699554,0.34838800821932575,0
377,-1.1747932853138507,-0.8264577173595664,0
378,-1.2397770437598705,0.41255458953191965,0
379,-0.38025055942480657,0.7794459790021656,1
380,-0.7071664343383441,0.008632389567156437,0
381,-0.3777487148736671,0.8390679702589537,1
382,-0.4528791695255129,0.6881446278352975,1
383,-0.4375149935507658,0.7727874268115152,1
384,-0.48608042396490364,0.701623428779794,1
385,-0.8251709854068557,0.9052464025521293,0
386,-0.4776010704473079,0.7564986926349248,1
387,0.4075662474966844,1.078746152959884,0
388,0.0953471562600718,-0.8353343971681101,0
389,-0.481506189529967,0.7783424946726963,1
390,-0.46596217258350103,0.831195346011409,1
391,-0.5307206322243934,0.7366628594437062,1
392,-0.351207747748919,-0.712325662101891,0
393,-0.3188028409645823,0.4976897170004016,0
394,-0.5702287256587909,0.691713190022282,1
395,-0.5411324450194909,0.7554257125347288,1
396,-0.6037685565425404,0.6760558524967373,1
397,-0.6473560647421288,0.6290723944660834,1
398,-0.8088743904538097,0.9469200807927388,0
399,1.4951634031318173,-0.5767485554047485,0
400,-0.7139027737312403,0.5545730096970461,1
401,0.34202892738974017,0.08929320268095706,0
402,-0.6649238370774637,0.6293594715877571,1
403,0.7252915408024042,-1.3809945319053623,0
404,0.8563178654580398,0.6586005859256603,0
405,-0.6850856070403191,0.6127152403465569,1
406,-1.4071010061215512,-0.35257114694826436,0
407,0.042142086317143584,0.40321775328242315,0
408,-0.5377416549734366,0.3011009109533661,0
409,-0.6489534339451243,0.6586490914363787,1
410,0.08590451059079553,0.4996232216323625,0
411,-0.7243808898935988,0.5786075984344797,1
412,-0.7154432121246197,0.5895660347311686,1
413,-0.6831744923020522,0.6195278988857893,1
414,-0.75777488741211,0.5461337153061464,1
415,-0.7985246885687758,0.5068628644183722,1
416,-0.7846289818047991,0.5141470531042965,1
417,-0.7598703803761447,0.5266813805651849,1
418,-0.8400735477474602,0.45716761026472386,1
419,-0.8437598604469483,0.44605235407060095,1
420,-0.45519568800950444,1.128978902291254,0
421,-0.738793652582881,-0.13429164007293554,0
422,0.24804934993286126,0.3531072248214333,0
423,0.7451636032401475,0.7944212541099457,0
424,0.9046284144907979,0.5353240531951912,0
425,-0.8623866919847606,0.4234387958574527,1
426,-0.8019147585619365,0.4504461436073223,1
427,0.3665788762804188,1.0399657370305733,0
428,-0.9100428640669251,0.371012018097421,1
429,-0.8848486848401085,0.37249192891465754,1
430,0.12370779525371024,0.4677959968085987,0
431,0.46337160050247167,-0.7522320015267401,0
432,-0.8738091568145342,0.3633440207322791,1
433,-1.2838067983359553,0.26252981832108696,0
434,-0.48764705082017623,-0.5826582909496199,0
435,-0.9078584150696841,0.3297014334247428,1
436,-0.6805848426828602,-1.2791325321642886,0
437,-0.7863938465746654,0.36942450230968804,1
438,-1.1448505475166102,0.6143658877374024,0
439,-1.025799613395034,-0.9794324067648514,0
440,-0.4495703536779714,-0.5910127140715229,0
441,-0.8874652687320875,0.30358328178658184,1
442,0.8753294155334249,-0.3458841150639186,0
443,-0.2081584370162443,0.5467095343187462,0
444,-0.9537354681684274,0.256862541625614,1
445,-1.1483408288493346,-0.6983699579895032,0
446,-0.3615815501192632,1.1814549501861296,0
447,-1.3250634978235585,-0.4615803454580091,0
448,-0.9483328194349832,0.23995895767044417,1
449,0.9407419490252649,0.31556363068165827,0
450,0.8862437709959057,0.6270369295276911,0
451,-0.4283681226952318,-0.6363928464907417,0
452,0.3479290880431423,0.14691092717793822,0
453,-0.988969254464858,0.20574045907804853,1
454,-0.9377963299685824,0.20220407065751714,1
455,1.2031659130317247,-1.0281402537475626,0
456,-0.9573758034732767,0.17432399812016475,1
457,-0.8431375818565499,0.9156937420908741,0
458,-0.972776675511408,0.14783693899127107,1
459,-0.5026576871535678,1.1357793491177448,0
460,0.764264295124207,-1.3565216656214198,0
461,1.2042025322706562,-1.039480341322384,0
462,-0.9010311230793783,0.1421206505923582,1
463,0.25021467972881084,-1.4604678220523906,0
464,0.47139761772711114,-1.467996584442262,0
465,0.3747378451485365,1.0696058587231914,0
466,-0.9830831581201037,0.09955524490719138,1
467,0.40676645408674833,0.03475844030603894,0
468,-0.19234570731943698,1.1711596428551232,0
469,-0.9567355215256887,0.08069385233786722,1
470,-0.16190124893152708,1.1880353817067277,0
471,-0.10348603638970413,1.2572951802087382,0
472,-0.9808050512230029,0.05196580702893056,1
473,0.330933331881326,0.050384406816929427,0
474,-0.02630804105801807,-0.8584793518426583,0
475,0.15513078536670116,0.4255098389232515,0
476,0.7215215748112774,0.8143152040647547,0
477,0.8811470992998361,0.6163300094303004,0
478,-0.9933231842031292,0.025550393833040898,1
479,-1.0331234798883704,-0.0035145103710925206,1
480,-0.9392679507526777,-0.02012095767628756,1
481,-0.9921849221904151,-0.04985966582474585,1
482,-1.0680168356895279,-0.0777834767635388,1
483,0.7777997290460704,0.746613489616982,0
484,-1.0071018445228552,-0.10143849856413863,1
485,0.9881339029205106,0.04963709940329813,0
486,0.35093602657788514,0.1833836960648485,0
487,-1.003140485411132,-0.12705134260287623,1
488,-0.7257728273652512,0.981480064398188,0
489,0.3559417549172378,0.07158714597278446,0
490,-0.9754170286185448,-0.15398816879074023,1
491,-1.0811771087442525,-0.1726361780605892,1
492,-1.0512350985800074,-0.19903099416279754,1
493,0.09497997891626338,0.43494857224491007,0
494,0.4281783181117858,0.045900979892469176,0
495,-0.9062013980312281,-0.24098636138363383,1
496,-0.9628394235673194,-0.26003994052653623,1
497,-0.3333258074476005,1.1866972921996854,0
498,-0.7141279034337196,-0.3158977009682149,0
499,-0.5821410321340537,0.22182683482573026,0
500,-0.9642430920306122,-0.28552257385032276,1
501,-0.23131793866131953,1.0757429990637712,0
502,0.6849323622835758,-0.6128964452278802,0
503,-0.988979171860571,-0.30582866230959327,1
504,-1.0287217479217197,-0.3209265608324614,1
505,0.3214273372407916,0.03955430215300699,0
506,-0.4113085765791951,-0.660169480176977,0
507,-0.4900516414534679,-0.5774774945215997,0
508,-1.0419108065576297,-0.34011813243174194,1
509,-0.33373713316218684,0.48473253293168805,0
510,-1.0560882570946262,-0.3576734101233368,1
511,-0.9911491135579514,-0.39825585267385577,1
512,0.22309979422194645,-0.8425622446474853,0
513,0.31222627731289787,1.0584316861875727,0
514,-0.0047102587571051235,0.4203168228548938,0
515,0.9772468738669682,-0.24732596026081524,0
516,-0.26865956047961004,-0.7693296104454539,0
517,0.47383382764302223,0.9889687654137467,0
518,-0.968185454326751,-0.42747205872708377,1
519,-0.30908765196879295,0.450112635238226,0
520,0.9938418152244551,-0.025481997958072405,0
521,0.8080929925249523,-0.4991308758892659,0
522,0.9886827119629349,0.07544428437916573,0
523,-0.9118595317661856,-0.4693618461842301,1
524,0.11559669501023362,0.5038864014814427,0
525,0.438253544458758,0.11397582756949982,0
526,0.38190147893617726,-0.7744613344871571,0
527,0.6847742474026318,-1.3320901655388506,0
528,-0.9299175234103336,-1.0726362366712623,0
529,-0.9518858980036844,-0.4754438604843439,1
530,-0.9507039943101713,-0.49567849777045037,1
531,-0.9343564593091905,-0.5217747169056444,1
532,-0.8119799201402699,-0.59928048236019,1
533,-0.8364585092188634,-0.6071005559174002,1
534,-1.0239863419761326,0.737552811305542,0
535,-0.9811544666162932,-0.5457405891290029,1
536,0.029770633421580484,0.5594378971812545,0
537,0.5464360888044867,-1.4440674955294721,0
538,0.3192280350719664,0.029887331113091567,0
539,-0.8444383298983348,-0.6377975335668936,1
540,-0.8558528506669282,-0.6458606031488762,1
541,1.0017910843765425,0.45569160681856985,0
542,-0.8600668192519718,-0.6561447734232531,1
543,-0.7981473559147487,-0.7100556034648436,1
544,0.9128033781438709,-0.18731646636481494,0
545,0.17061215660758047,-1.502960237511282,0
546,-0.8130271437593689,-0.7106534099290831,1
547,-0.7908823545715856,-0.7365424937362817,1
548,-0.8022320109173123,-0.7348835491571432,1
549,-0.5906186085424794,-0.23822356195310612,0
550,0.3489911206187611,0.13724491735619776,0
551,-0.681961190048558,-0.8423083366224486,1
552,-0.5369815456452536,-0.4739648745104855,0
553,-0.7164367528886509,-0.818885577427817,1
554,-0.6188389846994089,-1.3149447052196321,0
555,-0.6887421749495518,-0.8485264065645569,1
556,0.28285707116453646,1.0713771151784586,0
557,-0.7386202504052962,-1.2421560680838168,0
558,-0.851330197400718,0.9166271688197221,0
559,0.9719214985234059,0.25868268348009005,0
560,-0.5294202993384913,-0.46466477801166245,0
561,-0.7026807163073018,-0.8366926808863484,1
562,1.2262233654045531,-1.0149453603967393,0
563,0.5532599231409839,0.9403066764223174,0
564,-1.1868398254013361,-0.7517335568365658,0
565,-0.6362609347403002,-0.904600979416832,1
566,-0.5652276404242702,0.2576361170918016,0
567,-0.09863446671775226,-0.7919699987650697,0
568,-0.7207024847429337,-0.8103779931452416,1
569,-0.2545556728655395,-1.4068307316151294,0
570,0.957428275195538,0.1548295985719659,0
571,-0.6262045415717484,-0.9105326139675758,1
572,-0.6426171254747822,-0.8830165632718006,1
573,0.21157093344950037,0.3802073371573369,0
574,-0.554782376363343,-0.983500107872202,1
575,0.21420632777871262,0.39338473312476435,0
576,-0.580792804605466,-0.9375846690421431,1
577,-0.5443430375604826,-0.9727480863755861,1
578,-0.1188469579569963,-0.7887766314724769,0
579,-0.5468100370021602,-0.9500449245693375,1
580,-0.9042334086090487,0.871043433638599,0
581,-0.4957682233049423,-1.007060085452642,1
582,0.36375874929740226,-1.4644023306418397,0
583,-0.14165894339843238,-0.8315441812142594,0
584,-0.5071435017057835,-0.96224533671268,1
585,0.02962006008629583,-0.8148453304378007,0
586,-0.4163742778954302,-1.0919535403155316,1
587,-0.4518257451246661,-0.9944666516392138,1
588,-0.43846353958555917,-0.9800601517665283,1
589,-0.3642501732814526,-1.0923022055019556,1
590,-0.36114603914191323,-1.0525513241319642,1
591,-0.3199824037409724,-1.0983341633744,1
592,0.8770253528090937,0.48213614722913933,0
593,-0.13225707518143992,1.2038492245310994,0
594,0.08171228715674883,0.490641903412456,0
595,-0.18801415318010645,-0.7471335630773814,0
596,-0.27461173682017587,-1.159339224851311,1
597,-0.2857334972710829,-1.0630191967229763,1
598,0.21380496749796593,0.383938722344996,0
599,1.6324582834324546,-0.39347445851289914,0
600,-0.22704447450108514,-1.1670119658109617,1
601,-0.21671379065692545,-1.1199413613220737,1
602,-0.19172528786610293,-1.1156451396671598,1
603,-0.15573319922332024,-1.1538251161503137,1
604,-0.1413572084298212,-1.0940934594769953,1
605,-0.27322089739356553,-1.4692063733017298,0
606,-0.07140996839986072,0.5173357762018875,0
607,-0.10197010321698675,-1.1512208824169992,1
608,-0.5358804368412018,-0.5245130067664956,0
609,-0.06202125595926261,-1.227365717847432,1
610,-0.0434789339011667,-1.1644845291399426,1
611,0.9666065913685884,-0.12657353612260147,0
612,0.18907103538952388,0.41319888660232745,0
613,-0.2200837829005407,0.4277648090108602,0
614,-1.3070851514872546,-0.032030275976967934,0
615,0.3033044774773446,-0.7566463577090543,0
616,-0.5405749949867451,0.22153970140051774,0
617,-0.6231917899077513,-0.01071843172824678,0
618,1.735692817797531,-0.22531551550232165,0
619,-0.013812649328672169,-1.173251851018674,1
620,-0.37323861307965867,0.44282596885734726,0
621,0.02259015813568574,-1.2691160112123532,1
622,0.03906573596291383,-1.0739469724605903,1
623,0.07223020448547254,-1.1182374135179853,1
624,0.10325179427780895,-1.1410846267069812,1
625,0.8960075117409871,-0.39101018415859,0
626,0.1341762730505603,-1.121564211470103,1
627,0.9404926038584808,0.1828034283343024,0
628,-0.49520500836538006,0.33900146776480594,0
629,0.840353876807501,0.7070451801461436,0
630,-0.3177052191397236,0.48071483103500573,0
631,0.16342676812883564,-1.1567055985056929,1
632,0.19370013038434125,-1.1528868992946397,1
633,-0.29207399818788793,1.0909047484215764,0
634,0.22487812424825204,-1.1403688328855044,1
635,-1.2301029045528593,0.3372120409910104,0
636,0.5154470134895459,-0.7950909572382813,0
637,1.4869917581934258,-0.7114350861019728,0
638,0.2576829150458095,-1.1181176333081608,1
639,0.31456462588383444,0.21151646472300284,0
640,0.2984642154558496,-1.0486181941945085,1
641,-0.45781772730896686,-1.4479482156055992,0
642,0.07457512210657948,-0.8540397133540116,0
643,0.3324332817406043,0.27098499524375375,0
644,-1.2605773296750247,0.35365215017702245,0
645,0.31710614896211803,-1.1223292944632508,1
646,0.34190224111175077,-1.1445272758298164,1
647,0.36716157878495126,-1.157182934983977,1
648,0.38947291779175247,-1.1761643320792055,1
649,-0.4050810993545828,0.41597179774237064,0
650,0.4522453973055036,-1.0463956453667074,1
651,0.4701917655295473,-1.080833144082903,1
652,0.2543325472376849,0.3519831562847654,0
653,0.6877516947682257,0.8506992955115391,0
654,-1.0779928907179923,0.6455979729635462,0
655,-0.6498116934068747,0.08140386148054486,0
656,0.44252598016785416,1.0920520729333423,0
657,0.4999426929566153,-1.0722405439061986,1
658,0.5339346680287151,-1.0507816488629487,1
659,0.17364859324692283,-0.923006372063655,0
660,0.5626121632960844,-1.0431377761393634,1
661,-0.5407360547243953,-0.32579980350831494,0
662,-0.6966959118046385,-0.2662227519171135,0
663,0.5641624886231151,-1.0974135854259428,1
664,0.5828271742517012,-1.10427670179092,1
665,0.6266419621230509,-1.0558276458829152,1
666,-0.5160868035318712,0.312553042058012,0
667,0.9837658157123226,-0.20754886336708112,0
668,0.6923830053835304,-0.9681528135685531,1
669,-0.11071217848073887,0.5180433650947761,0
670,0.6650123379861287,-1.0565261081779163,1
671,-0.47509414883786866,-0.5957304065526471,0
672,-1.0770249235250486,-0.9085066516778828,0
673,0.6945404740416056,-1.0348045394497498,1
674,0.7189712572080996,-1.0206923819776121,1
675,0.8073524102665283,-0.9075593518422885,1
676,1.6474270038876022,-0.35445942413244086,0
677,1.3047283419828517,-0.9070167766248145,0
678,0.7783080143061262,-0.9729017247454966,1
679,-0.5648232103569244,0.26441000603867987,0
680,0.8117448671002917,-0.9429922808757749,1
681,0.8742529864301186,-0.8753043242608971,1
682,0.92655146296553,-0.8239368522501278,1
683,-0.6342904493369214,0.05500617373655388,0
684,-0.5008872305935018,-0.5416509919509638,0
685,0.9230430548945737,-0.8399830783912987,1
686,0.22124174664922988,0.35796216782131685,0
687,0.8728354369300869,-0.9033465125231301,1
688,0.9215824421374126,-0.8527045790804358,1
689,0.9878835238847434,-0.7860684090310841,1
690,-0.0009948563883830606,0.4745750609895784,0
691,0.13556723839500598,1.239922769061905,0
692,0.3523782052845829,0.062290239462181075,0
693,0.3362894437387949,0.1087570005840118,0
694,0.9373226048563783,-1.2571550340514575,0
695,0.8237466449501503,-0.48491661368506217,0
696,0.9683760207478117,-0.8046470234266179,1
697,1.0185121359993698,-0.7548877300417047,1
698,-0.6318856696090268,1.0845834624136923,0
699,0.9762443327685688,-0.7863837864433345,1
700,1.0796660544749548,-0.6919174146130105,1
701,1.0071945911777798,-0.7402560756202305,1
702,1.0967502605797523,-0.6605512495076039,1
703,1.118051801719741,-0.6331225178749924,1
704,-1.1185695961605728,0.6444421041604451,0
705,1.0978395197749211,-0.6324425405410085,1
706,1.2008003237741893,-0.5508521023175712,1
707,0.9760087482967713,0.1276303312529103,0
708,-0.6788734533837244,0.1596852723576652,0
709,0.07399823921284397,0.4613954702336323,0
710,1.2155762342439034,-0.5265724448528617,1
711,-1.1231186794915253,0.6500497692782221,0
712,1.2419055870549445,-0.4947849104350551,1
713,1.2184594933995263,-0.48896332517588126,1
714,1.2721403092888315,-0.9590211728285114,0
715,-0.45247563861515067,-0.617453274822476,0
716,1.2483148954674939,-0.45348000254014403,1
717,-1.2832646902757425,-0.13605964776336085,0
718,1.1496055504951765,-0.4776698661406329,1
719,1.2191178533051081,-0.42149067675127033,1
720,1.2613519969440783,-0.37899498252426667,1
721,1.308739101489589,-0.3356530864187081,1
722,1.3140272199678986,-0.3082452296811527,1
723,-0.94508910113495,-1.0621596789143493,0
724,-0.803718003238162,-1.1725948416040721,0
725,1.207437560907231,-0.31537894754293566,1
726,-0.6111968158026582,-0.045849042925900495,0
727,1.0378190246165042,-1.1846936074008805,0
728,0.46888785275985545,1.02690179055381,0
729,-1.2838778365446837,0.20225303343619588,0
730,1.299462879670878,-0.25799803469176674,1
731,-0.07834974825487562,-0.7936536904642737,0
732,1.2656881363621986,-0.23761944532768464,1
733,-1.3796574398642016,0.02824739367910062,0
734,1.0795926275438366,-1.1474383168377873,0
735,1.4133991011182476,-0.17176701437144698,1
736,0.3687746369907483,1.1213528019574663,0
737,0.11198520952715962,1.235549793880633,0
738,1.2226143389515889,-0.18360339730790703,1
739,1.3495710479252896,-0.12661402008250222,1
740,1.3301059143618044,-0.09849653895395305,1
741,1.3791730941093339,-0.05981529944030604,1
742,1.3222164136672556,-0.03428361932999753,1
743,1.2580924597153238,-0.005987478479429914,1
744,1.3425062930686482,0.03394912594726409,1
745,1.291572464347815,0.06595106938295908,1
746,1.277721856692031,0.1008266446392247,1
747,1.3498746905345809,0.1346107544587686,1
748,-1.2043213954694325,-0.559404630178054,0
749,1.2993893618276244,0.17050764742672167,1
750,1.3453490851609509,0.2018836525491295,1
751,1.340189667826962,0.2357441296934613,1
752,0.05084052644059356,-0.8080794545717529,0
753,1.2901727580453528,0.27513590844484426,1
754,-0.13194955386070156,0.5976495025161419,0
755,0.7242991140589023,-0.5740235288472719,0
756,-0.5758529432597701,-0.47299729149625963,0
757,-1.2233399530049909,-0.6885155505621798,0
758,1.3203016960071716,0.3047768209745755,1
759,-0.6392470227265151,0.1616215009729649,0
760,0.36553831106705587,0.1536628540390397,0
761,-0.023051304317708667,-1.447984906821881,0
762,0.360238946668189,-0.7072909189093319,0
763,1.2857025278365992,0.3437503308325,1
764,1.387302299356368,0.3565588359991147,1
765,1.285558802249329,0.40969636562919826,1
766,-0.719823930379423,-1.2462149724746026,0
767,1.3627802315621975,0.42195336278519346,1
768,1.3072820185443899,0.466589734359412,1
769,0.6291656378050287,-1.3935031830564797,0
770,-0.6016727343119302,-0.41451173332635943,0
771,1.23975520036345,0.5170411040828875,1
772,0.9652326677128917,-0.19344399690774908,0
773,1.2330723453687622,0.5497117410922445,1
774,0.5124772176543583,-0.7456905126270448,0
775,1.2579278690556364,0.5701178774225593,1
776,0.6866293438661216,0.8286397567378683,0
777,-0.0844418617526529,0.5182568129153533,0
778,1.1707613731906075,0.6320531687658117,1
779,-0.6424764961247137,-0.10244387009593597,0
780,0.017825697266365906,-1.4832984548362682,0
781,0.6125206028598081,0.909269505902844,0
782,0.904652516258984,-0.2960974711829635,0
783,1.2640141586410372,0.6212898520198501,1
784,1.160229726303748,0.6929707997963165,1
785,0.8379783201841806,0.6246647306009288,0
786,1.2074070677050583,0.6962427996971134,1
787,1.224705337045871,0.7103163361760729,1
788,-0.8486932982449504,-1.1468374805713355,0
789,1.1893690821036413,0.7503448425187904,1
790,0.1392885415903282,-0.8154562990233101,0
791,-1.2556033363969137,-0.4492424661164196,0
792,-0.26404948854725113,1.0673074325882883,0
793,1.0972719696260986,0.8238106388270439,1
794,0.30851959873725027,0.07765645460367857,0
795,1.1421774472343607,0.8170067362092254,1
796,1.078156576679778,0.8759090685319416,1
797,1.039109614958904,0.919928026631801,1
798,1.057002095347241,0.9230596848716013,1
799,-1.0189177566678944,0.7548837351345429,0
800,1.0442167600746097,0.9456942702090008,1
801,0.6303731858801056,-0.6525816923101334,0
802,-1.0114717307812156,0.7559889210175192,0
803,1.0738205659700901,0.9323485471333147,1
804,1.0236289076500025,0.9812768672854346,1
805,-0.9646379793686777,-1.041762382665532,0
806,0.9925160690919318,1.0143195956441327,1
807,0.9416472981836206,1.065397489659841,1
808,0.48994366657909205,-0.8072731443516655,0
809,-0.5583725337543086,0.2745596003032034,0
810,0.9575063913754253,1.0517613733581324,1
811,-0.30045752788701563,-1.5833104462090268,0
812,0.00779555231454032,1.23125609163309,0
813,0.13946429472368677,0.4246409340004006,0
814,-0.9661583548841247,-1.019241734598616,0
815,0.8475154508240563,1.1636692394778763,1
816,0.9020075506774557,1.1031957352155688,1
817,0.19888354110372455,-0.8703259912980141,0
818,0.8945480137707161,1.1036634499230806,1
819,0.8319266393219458,1.1671700429474579,1
820,0.8403904288750692,1.142791854424286,1
821,-0.33719083876350514,-0.6910553107408487,0
822,0.44234926683467385,-1.4399661317343637,0
823,0.8548600217061237,0.6708131468265937,0
824,0.7483562024959819,1.247101255085448,1
825,0.7401934757137453,1.239923095111881,1
826,0.6893135664826745,1.291931164905356,1
827,0.643860149449673,1.3372906255558368,1
828,0.6403894412411101,1.3135348452874487,1
829,1.4422878328940774,-0.6619180896085789,0
830,-0.5839615412727016,0.16152405650148646,0
831,0.6116750742347535,1.3276712795967107,1
832,-0.40571231126724483,-1.3587238619277746,0
833,-1.3245892108282913,0.16230785801911554,0
834,0.5611199518953525,1.3807177900017302,1
835,-0.09836433804958414,0.5832115817105397,0
836,-0.212531720786443,-0.8057035217928189,0
837,0.5544004414171249,1.3485174351630023,1
838,-0.7087037257684256,-0.16871709607479424,0
839,0.5223923196454244,1.3620346679882558,1
840,-0.4044360761968615,1.117879191714654,0
841,0.49298304786534425,1.3674014999842747,1
842,-0.24313986468411486,-0.7954656241715735,0
843,0.03749401784892313,1.210728301615777,0
844,0.44333261085729286,1.4191987515674547,1
845,0.4295409797758614,1.379917254171898,1
846,-0.04247245522910208,1.1385444282946637,0
847,-0.748918085324952,-0.1799898914070576,0
848,-0.603986569964164,0.22511761307759864,0
849,0.41200827123759926,1.3406877292015038,1
850,0.3720040835222151,1.3604072594716172,1
851,1.6790306440921718,-0.08120512305695254,0
852,1.5210322124704718,-0.5008571349861836,0
853,-0.004261649125216557,-0.8760712800871128,0
854,-1.3432993466774656,-0.2685737270132961,0
855,0.3217150387348736,1.4147394939307512,1
856,0.27910819459935976,1.4470812161231918,1
857,0.8415633338308831,0.6044532212598359,0
858,0.24623658234778967,1.441607218567567,1
859,0.21263522064042156,1.4336851959457424,1
860,0.15446567283394788,1.5507296678704026,1
861,0.14173956173875543,1.4176697859876006,1
862,-0.3731004835890268,-0.6692101627588036,0
863,0.0939451596060497,1.4890639456533314,1
864,0.05386088577831327,1.518103826998924,1
865,0.8268046428417113,-0.4051505693919838,0
866,0.014013212447722901,1.5563037083811109,1
867,-0.009635775232864864,1.3422245327934645,1
868,-0.0578412602652963,1.5382126491354462,1
869,-0.0941231801939187,1.4393165796101566,1
870,-0.14505611275223132,-1.3969901138373129,0
871,0.9209213808307556,-0.25027385051266693,0
872,0.3214473028334567,-0.7718117949032317,0
873,0.3848194192401248,-0.8194127250583555,0
874,-0.13247592680085904,1.5102910613294653,1
875,-0.5917173287596368,-0.47106437074555385,0
876,-0.26162769979529027,0.5171632018754745,0
877,0.004881146654492564,-0.785573329184572,0
878,-1.2225615071846294,0.4868061008966399,0
879,-0.6246670930895157,-0.2500526023253673,0
880,-0.9677923515877914,-1.0415830210071366,0
881,-0.1664908513882016,1.5986606818146154,1
882,-0.7242275696327178,0.9492890802758571,0
883,-0.2091814303389142,1.4932734481405654,1
884,-0.24753365280088982,1.4890432413798236,1
885,-0.286577640776488,1.478348443417625,1
886,-0.9283138082876441,0.8338141712809297,0
887,1.0191206968074886,0.002028768941515239,0
888,1.0937367461778995,0.3470379132122827,0
889,0.7521514196028568,0.7551021477220461,0
890,-0.3126635174337776,1.558041366316355,1
891,-0.3554684009246929,1.5128984140134132,1
892,-0.5796379092086043,1.1112571735468237,0
893,-0.6436011768319015,-1.3081520708095795,0
894,0.8298577606525439,-1.3282570271047989,0
895,-0.3896469750308898,1.520363003869848,1
896,-1.2949232258357568,0.22995293121779065,0
897,-0.42714649555523276,1.5080090197109914,1
898,-0.4702656100177962,1.472522827546789,1
899,0.9945190823627834,-0.14209464409178926,0
900,-0.8691066457947143,0.907493419568008,0
901,0.48990924879378195,-1.5253047839691172,0
902,-0.5691266976663713,1.026728496635186,0
903,-0.513365887318236,1.4406564387580625,1
904,-0.15914433142915724,0.5551035764463236,0
905,-0.5564974545465952,1.4110247321689557,1
906,-0.6011301722841584,1.3784144055295637,1
907,-0.6472043937208832,1.3434776015560848,1
908,0.990929377280813,0.32955779441402877,0
909,0.5473206600271285,0.9684909325005178,0
910,0.3105803108867123,0.25665286778146684,0
911,-1.344226385436354,0.2720056208473262,0
912,-0.6880834710739971,1.3235917474555292,1
913,-0.6987218863784358,1.37524240467563,1
914,-0.6806443320286687,1.4804828701578647,1
915,-0.7919697673044812,1.2987365685534917,1
916,-0.6279299491171605,0.07244689368670242,0
917,-0.793690047939036,1.3500640071182364,1
918,1.5081335712720876,-0.6008528230699781,0
919,-0.8174506649578419,1.3510994746435148,1
920,-0.5054021952399411,1.0561586349405192,0
921,-0.8446183187418843,1.342351644302234,1
922,0.3010003814506329,0.276258191060504,0
923,-0.9062924565559081,1.27424138785209,1
924,-0.9440788734617598,1.246690947406254,1
925,1.058916333923079,-1.1899588187847476,0
926,-0.6323987137295235,-1.246254325551256,0
927,-0.9727393548685462,1.2316425768868047,1
928,-1.0078101593068454,1.2054242730914275,1
929,-1.09683676563711,1.1069079276831362,1
930,-1.1278017384564845,1.0871231795931988,1
931,-1.1211476172223818,1.1102312247428467,1
932,-1.1248200191725648,1.1155410450332877,1
933,1.3370005132956548,-0.866840170986721,0
934,-1.2112302018141572,1.027543926416572,1
935,0.6472103292053464,0.8774107011526932,0
936,-0.6653141702630121,0.032205001980022366,0
937,0.3916111076958589,-1.510395754392616,0
938,-1.1715260391908608,1.072824460309837,1
939,-1.1836268916458523,1.0593948075508077,1
940,-1.1860603469701527,1.0519893927420203,1
941,-0.4131642547554008,0.42630825640200676,0
942,-1.1763517553979794,-0.8118618572731794,0
943,-1.218829690541572,1.014408177894478,1
944,0.058375673501879624,-1.5545339507092037,0
945,-1.3421070260703667,0.9007395359979531,1
946,-0.6900789557547878,-0.08567640421211523,0
947,-1.258445188992498,0.9577192948368497,1
948,-0.6045470194104503,-0.06416942845416419,0
949,-1.3468381526977684,0.8753982028041122,1
950,0.0946051054079179,-1.5037902829599605,0
951,-1.386548423327959,0.8315564519188817,1
952,0.3017099608127115,0.2827245984989139,0
953,-1.376263638252381,0.8214446582192708,1
954,-0.046031236468473596,-0.8555069406381353,0
955,-1.3883513217489798,0.7934649438747537,1
956,1.3963728508111075,-0.7414218892133211,0
957,-1.4539776718967894,0.7313634516532314,1
958,0.9855929030219404,-0.09902720875312061,0
959,-1.4046937432555853,0.7366814388311151,1
960,-1.1924688331209035,-0.6234902877183622,0
961,-1.4223870386947102,0.7003944669703918,1
962,-1.5368043404463498,0.6142197422552775,1
963,-0.017357083321748342,1.2021845476345314,0
964,0.8255969232977964,-0.42139570773347695,0
965,-1.582135775736427,0.5658216095711281,1
966,-1.4810869356906133,0.5829822371828198,1
967,-1.447339595338063,0.564386488506936,1
968,-1.4751708024342518,0.5184559478615073,1
969,0.08934165157415902,1.2208614867205627,0
970,-1.418565685165397,-0.3204688330665438,0
971,0.7630455008411047,-1.4100457815737812,0
972,-1.577129592247644,0.44621397720578165,1
973,-0.5210715475751839,0.2985541446097265,0
974,0.11739585866708546,-0.7999511575870233,0
975,-0.1847166536333827,-0.8382715541826752,0
976,-1.5858794059600982,0.40870032426195524,1
977,-1.6822171927734806,0.3440511668731453,1
978,-1.681031885169597,0.30987248962069774,1
979,-1.6274149486619807,0.28724925956559766,1
980,0.7995530489884226,-0.49555388311884674,0
981,0.18328242040586654,1.1479781218231302,0
982,-1.689945694559456,0.2353049394697396,1
983,1.6401367392733412,-0.4847644856922629,0
984,-1.1419193874813658,-0.817165905372248,0
985,0.4539837244760024,-0.6853036747588083,0
986,-1.6953458105046677,0.19664470321332184,1
987,-1.3425905707737908,-0.06742230826198435,0
988,0.3224838564587308,0.21827390528683618,0
989,0.2959343563079395,1.1581676594298362,0
990,-0.37275673503918544,0.4713020211717635,0
991,-1.3301055835625477,-0.39954586866536934,0
992,-1.606454137516029,0.17303632720137008,1
993,0.2391478653970649,0.36631637888264246,0
994,0.8037500786830654,-0.5040263765485288,0
995,-1.5916439322635603,0.13367721026776286,1
996,-0.0731055094449314,1.1502311604793067,0
997,-1.6989901731846482,0.07891891407372473,1
998,-1.6406784552187021,0.043846346439626885,1
999,-0.7028839916671423,-0.15269344314152392,0
